 0.725326686, -1.759646239, 3
 0.607058261, -1.805335981, 3
 0.929387595, -0.793451390, 2
 1.613312237, -0.634218212, 2
-0.357518770, -0.520462626, 1
 3.018461636,  0.553984719, 4
 0.570130983,  0.119698579, 1
 3.510692334,  0.972767777, 4
 0.346215122, -1.559862783, 3
 0.097679665, -0.784848578, 2
 0.406383319, -1.077831283, 2
 0.729266544, -0.806481596, 2
 3.188171789,  0.469237349, 4
-0.063044253, -0.438698661, 1
 2.902249209,  0.460600525, 4
 4.256062508,  0.976992927, 4
 1.290708360, -0.726769309, 2
 0.670262330, -1.477350132, 3
 0.252235544, -0.868978298, 2
 0.021989100, -0.111349945, 1
 0.469665656, -1.362558149, 3
 0.075450036, -0.653733449, 1
 3.309330286,  0.444325875, 4
 0.371523474, -1.630653893, 3
 0.508819879, -1.719174220, 3
 0.294028889,  0.012573158, 1
 1.776157635, -0.927811769, 2
-1.782552846, -1.385338820, 1
 0.386861244, -1.690608343, 3
 0.532563057, -1.352864636, 3
 1.037298440,  0.177506110, 1
 0.288308645, -1.001384012, 2
-0.096199389, -1.541002469, 3
 1.687787174, -0.893646493, 2
 2.412226881, -0.945375356, 2
 1.817410821, -0.770308647, 2
-0.153343845, -0.578450925, 1
-0.966109565, -1.333945695, 1
 2.975387989, -0.918834864, 2
 2.113691871, -0.089852783, 4
 0.161351355, -0.260148936, 1
 0.318720397, -1.655903943, 3
-0.886402991, -1.211853895, 2
-0.118489437, -0.369889326, 1
-0.152340999, -0.617289534, 1
 0.147053143, -0.385459111, 1
-0.136171445, -0.843103836, 3
 0.147643676, -0.111705755, 1
 0.179086551, -0.628527867, 1
 0.940090761, -1.753050234, 3
 2.211948923, -0.770578199, 2
 0.161072925, -1.458498189, 3
 2.405420852,  0.102654848, 4
-0.753514093, -0.869875390, 1
 1.380594367, -0.679931819, 4
 3.988327553,  0.697580720, 4
 0.446811587, -1.410192026, 3
 2.271277666,  0.156152904, 4
 2.168316428,  0.070786372, 4
 1.722739290, -0.922593677, 2
 0.634107014, -0.987037645, 2
 0.710934783, -1.416311032, 3
 0.241941870, -1.417625729, 3
-0.022229356, -1.170536815, 2
 0.974789265, -0.986181692, 2
 3.101056942,  0.147898901, 4
 0.485202484, -1.777765657, 3
-0.069774614, -0.025081748, 1
 0.644326433, -1.470089388, 3
 0.375692026, -0.989228108, 2
 0.816480890, -1.683200764, 3
 2.102244588, -0.729171127, 2
-0.481138996, -0.469165696, 1
 0.643204435, -1.236270656, 3
 0.298639958, -0.997282660, 2
 1.722318468, -0.909328484, 2
 2.273083636,  0.107759560, 4
 4.607387510,  1.106020278, 4
 1.343539055, -1.019400201, 2
 0.476137203, -1.538722264, 3
 1.839301676, -0.559274094, 2
 0.633979960, -1.541302803, 3
 3.591511759,  0.963558998, 4
 2.755026042, -0.994155385, 2
 2.495460678, -0.155888831, 4
 0.468194482, -1.447080212, 3
 2.755104575,  0.064091893, 4
 0.369764070, -1.270008926, 3
 0.687268130, -0.085777198, 1
 0.675274123, -2.105440680, 3
 1.857926430, -0.959595316, 2
 1.881348405, -1.098632493, 2
 0.455397696, -0.130483554, 1
 0.481746560, -0.930085047, 2
 0.642819979, -1.613114347, 3
 2.077521199, -0.947649929, 2
 3.009872413,  0.299692524, 4
-0.249754735, -0.281435565, 1
 2.399888481,  0.085620623, 4
 4.172109471,  0.590731325, 4
 1.351394941,  0.411700263, 1
 3.396115596,  0.603364428, 4
-0.045904723, -1.201726416, 1
-1.624322714, -0.789865170, 1
-0.712935042, -0.955593339, 1
 0.187770688, -1.083144168, 3
-1.758220467, -1.554642914, 1
 0.507296901,  0.271837473, 1
-0.207023181, -0.484962977, 1
 0.939688079,  0.131626622, 1
-0.388472513, -0.582626484, 1
-1.216169178, -1.013336262, 1
-0.889455917, -1.073921382, 1
 2.578594517, -0.697144752, 2
 2.123184380,  0.029141503, 4
-0.136523990, -0.716328829, 1
 3.851091190,  0.914870370, 4
 3.486965406,  0.866667667, 4
 2.381655814, -0.222563692, 4
 2.981756168,  0.025828184, 4
 2.975429835, -0.715646785, 2
 2.947572554,  0.562900098, 4
-0.564823515, -0.700991552, 1
 0.868778651, -1.043100314, 2
 0.212017372, -0.105218785, 1
 2.151271125, -0.824947709, 2
 0.439446833, -1.164110627, 3
 0.500215867, -1.823970867, 3
-0.649506963, -0.807290045, 1
 1.805066215, -0.686208830, 4
 0.620969252, -0.769344778, 4
-0.125102700, -0.158741929, 1
 0.336137066, -1.566587476, 3
 0.515637797,  0.066324467, 1
 0.393788631, -1.022321812, 3
 0.449654864, -1.823601966, 3
 1.532207988,  0.496565563, 1
 0.659951535, -0.650330892, 4
-0.797183407, -0.541404490, 1
 0.304522007, -1.968685511, 3
 2.444617283, -0.258125509, 4
-0.647211759, -0.638112252, 1
 0.660582540, -1.244703519, 3
 0.929625657, -0.914230916, 2
 0.485979688, -1.402701959, 3
-0.004744231, -1.247445140, 3
 1.435858108, -0.969815631, 2
 0.960893276, -1.118648513, 2
 0.159156337, -1.065158897, 2
 1.497834031, -0.869758864, 2
-0.463944687, -0.449030328, 1
 0.659217963, -1.973756182, 3
 0.865598524, -1.590330234, 3
 3.228721555,  0.457534169, 4
 3.172603644,  0.611702228, 4
 0.868936270, -1.085540253, 2
 0.538090724, -1.020892004, 2
 0.530881587, -1.927182826, 3
 3.170011964, -0.775082829, 2
 1.719661052, -0.204030514, 4
 0.564674723, -1.485263108, 3
 1.941265106,  0.146162920, 4
 1.441644378, -0.810209525, 2
 1.344843842, -0.785518670, 2
 0.266038973, -0.937028334, 3
-0.543622379, -0.737862165, 1
 2.308069609, -0.725147983, 2
 0.929530776, -1.086269442, 2
 0.692924734, -1.466661231, 3
 0.101794385, -0.814792108, 1
 0.345567965, -1.349818446, 3
-0.775021986, -0.769810730, 1
 1.013496615, -1.315271363, 3
 2.672838314, -0.933582236, 2
 0.557109589, -1.285701548, 3
-0.205312778, -0.607206298, 1
 1.490332529, -1.017004749, 2
 1.643978094, -0.981922650, 2
 4.285312378,  1.072422613, 4
 0.276691121, -0.331252908, 1
 0.373655856,  0.136179437, 1
 2.351282618,  0.304574064, 4
 0.323538504, -1.431718319, 3
 0.085243443, -1.209348045, 3
 0.884263733, -0.896391118, 2
 0.249787910, -1.619013435, 3
-0.946331840, -0.921762058, 1
 0.375783286, -1.418709542, 3
-0.836891530, -0.627774957, 1
-0.556370110, -0.734269320, 1
 2.140324236, -0.891960063, 2
 1.588508663, -0.378307144, 4
 0.548587245, -0.935575960, 2
-1.437434175, -1.401049269, 1
 0.635746437, -1.769753168, 3
 2.356544232, -0.806020627, 2
 0.422189464, -1.042069518, 3
 3.033110210,  0.483785729, 4
-0.622300933, -0.378980394, 1
 0.484990596, -0.601545341, 1
 3.124357447,  0.479402260, 4
 1.407191456, -0.316274384, 4
 3.391190157,  0.509118914, 4
-0.047985653, -1.107402014, 1
 2.367155180, -0.289110285, 4
-1.176165622, -0.867975270, 1
-1.284884375, -0.869353435, 1
 1.547873915, -0.256227735, 4
-0.504848987, -0.433121570, 1
-0.320407360, -0.388064264, 1
 2.418465657, -0.619495330, 2
 0.356646609,  0.135234508, 1
 0.415880768, -1.068685541, 3
 2.374575637, -0.042366600, 4
-1.443918657, -1.091751057, 1
-0.172436934, -0.524821561, 1
 2.612962331,  0.067244049, 4
-0.411987591, -0.569653351, 1
 0.747968521, -1.574153974, 3
 0.858652501, -1.626438399, 3
-0.277406685, -0.837285448, 1
 2.713657447,  0.455633436, 4
 2.473356199, -0.978554993, 2
 3.394209812,  0.235655565, 4
 1.872122908, -0.930100094, 2
 0.173953770, -1.337874263, 3
 0.570472252, -0.966526183, 3
 2.286652239, -0.877188872, 2
 1.567418524,  0.172070133, 1
 4.461350443,  1.050781134, 4
 1.948464289, -0.914033570, 2
 1.757221805, -0.864299050, 2
 3.002283725,  0.732426423, 4
 1.438501662, -0.880009853, 2
 3.000072510,  0.149748374, 4
 0.728188061, -1.126533749, 2
-0.414907635, -0.361165830, 1
 0.215792661, -1.474417059, 3
 1.539260946, -0.865797100, 2
-0.051773738, -0.332004915, 1
 0.940341006, -0.955096277, 2
 0.505718254, -1.690518498, 3
 0.622799369, -1.376591983, 3
 0.411289651, -1.327746075, 3
 1.478731796, -0.680879046, 2
 2.124186051, -0.961626789, 2
 0.458041256,  0.352030059, 1
-0.103724597, -0.707668296, 1
 2.889857456, -0.603822422, 2
 2.970882629,  0.482922207, 4
-0.046590282, -1.513009594, 3
-0.596710761, -0.413224754, 1
-0.080495785, -0.351613485, 1
 0.371808886, -1.457232031, 3
 0.507185855, -1.252289248, 3
-1.361961691, -0.620963429, 1
 2.707201204, -0.631381253, 2
 0.088471289, -0.595774595, 1
 0.676083685, -1.806722129, 3
 0.308683316, -1.615457938, 3
 0.521586363, -1.679462336, 3
 0.722006945, -1.817660447, 3
 1.875156365, -0.093696623, 4
 1.399346467, -0.362413952, 4
 0.506614227, -1.298836962, 3
 0.148624664,  0.247034865, 1
 3.734080814,  0.753274194, 4
 1.333758925, -0.918501657, 2
 0.234497758, -0.108572570, 1
-0.212001642, -0.285250882, 1
-0.414303987, -0.227079271, 1
 0.438231056, -1.313916685, 3
 0.309354555,  0.108573241, 1
 3.595003762,  0.729324904, 4
 1.520928786, -0.932243661, 2
 1.596660935, -0.958670950, 2
 4.113639554,  1.161392860, 4
-0.484776754, -1.104011295, 2
 0.112074182, -0.003442704, 1
 4.129695780,  0.999313268, 4
 0.158567849, -1.230654329, 3
 1.368938355, -0.841279683, 2
 0.413398094, -0.000933997, 1
 0.104793860, -1.751319660, 3
 0.730218177, -1.063900292, 3
-2.157814911, -1.299156466, 1
-1.010246182, -0.787713878, 1
 3.257026138,  0.725329334, 4
 0.088837008, -1.447848618, 3
-1.702666890, -1.616509484, 1
 1.005696049, -0.613653450, 4
 0.567500999, -1.449338423, 3
 1.176107243, -0.915011293, 2
 3.238838312,  0.457201416, 4
 1.765720529, -0.929997634, 2
 0.535354654, -1.529069844, 3
-0.594759244, -0.956987082, 1
 0.369895055, -1.577683325, 3
 1.941168726, -1.035177762, 2
 0.009942565, -1.236200064, 3
 1.638910740, -0.118007888, 4
-0.668643508, -0.954936218, 1
 0.410603372, -1.465002399, 3
-0.397182687, -0.371192674, 1
 1.003637553, -0.841535316, 2
 3.498553901,  0.387978838, 4
 2.851101315, -0.912749307, 2
-0.741205331, -0.857635580, 1
 1.963390015, -0.756250523, 2
 3.016498576,  0.120400975, 4
 0.111891032, -0.332275605, 1
 2.048073868, -0.068575718, 4
 0.275905935, -1.322293608, 3
 0.661033490, -1.586186423, 3
 0.627168164, -1.067653913, 3
 1.815330164, -1.109713173, 2
 2.948843242,  0.023323564, 4
-0.086121876, -0.176588371, 1
 2.758127012,  0.527480029, 4
-1.365664056, -1.085481438, 1
 1.375701866, -1.084889101, 2
 1.580636125, -0.976382417, 2
-0.076009420, -0.444321515, 1
 0.605768745, -1.378349741, 3
 1.248339574,  0.126103365, 1
 1.176673614, -0.932279239, 2
-0.939046111, -1.263234686, 1
-0.185892391, -0.078528831, 1
 0.018583056, -1.065962974, 3
 0.252493536, -1.390491782, 3
 0.212578651, -1.597593097, 3
 1.050590037, -0.747320153, 2
 1.402850753, -1.050550669, 2
 2.768149261, -0.727495637, 2
 1.387226941, -0.795263509, 2
 2.158404452, -0.971991481, 2
-0.415285912, -1.295880741, 1
 0.397160522, -1.154132552, 3
 0.831624676, -0.405954774, 4
 1.308506147, -0.719035503, 2
 2.005995672, -0.122457482, 4
 1.403425609, -0.850379544, 2
 0.382248545, -1.000202786, 4
-1.852349428, -0.953725004, 1
 1.359416281, -0.780798455, 2
 0.041310344, -1.098324038, 3
-0.046301272, -0.083414142, 1
 0.373851073, -1.416135892, 3
 1.358689229, -0.893327364, 2
 1.809556228, -0.771956019, 2
 2.205414729, -0.201261195, 4
 0.416388133, -1.172335114, 3
 2.246118881,  0.101209599, 4
 2.648026837, -0.289589953, 4
 1.439086150, -0.888009549, 2
 1.712191253, -0.904261292, 2
 0.567850431, -0.905875322, 2
-1.418562594, -0.720207323, 1
 2.369542361,  0.190928282, 4
 0.334608788, -1.353526436, 3
 2.033898010, -0.470524087, 4
 2.563710186,  0.031566903, 4
 1.973274967,  0.086319378, 4
-0.002478128, -1.221118572, 2
 0.416490646, -0.415713964, 1
 3.100515824,  0.498566929, 4
 1.148319883, -0.702401524, 4
 0.786547981, -0.804576197, 2
 0.829129661,  0.537103437, 1
 0.302231694, -1.747164697, 3
-0.306500989, -0.524055724, 1
 0.229699428, -0.255462633, 1
 2.191366049, -0.055699372, 4
 0.979180662, -0.981041239, 2
 1.196031538, -0.828623869, 2
 0.453258963, -1.103160128, 3
-0.800948905, -0.052642786, 1
 2.102815063, -0.158525119, 4
 1.911297001, -1.124671064, 2
 1.970842455, -0.620931059, 2
 1.860725078,  0.052377570, 4
 3.066025390,  0.349159023, 4
 1.449329804, -0.860971492, 2
 2.227996368,  0.258674687, 4
 0.281382331, -1.045395119, 3
 4.081268282,  0.775013290, 4
-0.930456621, -0.605014010, 1
-0.792509941, -0.858189739, 1
 1.849826796, -0.804256502, 2
-0.851350002, -0.899378549, 1
 1.038758357, -0.836897029, 2
 2.033044532, -0.691730405, 2
 3.934672202,  0.775757682, 4
 3.317555205,  0.573244978, 4
 0.391190464, -0.288035356, 1
 1.653249781, -1.082117109, 2
-0.449628333, -0.510046759, 1
 1.319076329, -0.556837080, 4
 3.880190114,  0.857345887, 4
-0.059640110, -0.873634104, 1
 2.989086781, -0.900613981, 2
 1.968582212, -1.026375774, 2
 2.375594163, -0.919028756, 2
 3.821655700,  0.782573261, 4
-1.319097283, -1.462499352, 1
 2.237181699,  0.073579383, 4
 0.687542644, -1.274999621, 3
 0.659180952, -1.607648397, 3
 0.602238927,  0.339701979, 1
 0.615244443, -0.101301048, 1
 0.801695800, -1.242311185, 3
 2.290007770, -0.705299585, 2
 0.851545995, -1.580823271, 3
 0.457679555, -1.428946759, 3
 0.463537172, -0.561145506, 1
 0.499072502, -1.341942181, 3
-1.348224549, -0.975331427, 1
 0.508781968, -1.836711485, 3
-0.286553003, -0.534723561, 1
 0.872134419, -1.617226832, 3
 1.594447909, -1.019816216, 2
 1.356409825, -1.023811558, 2
 1.440228348, -0.438361371, 4
 1.647997810, -0.300696524, 4
 0.237813334, -0.073071526, 1
 2.207840411, -0.753975821, 2
 2.420926576,  0.432405469, 4
 0.404631246, -0.136020382, 1
 3.015198836,  0.320634898, 4
 2.903109993, -0.796424906, 2
 3.344792669,  0.444264321, 4
 3.844940965,  0.510608799, 4
 0.310163952,  0.076956743, 1
 0.092504652, -0.345255965, 1
 2.412347045, -0.674769709, 2
-0.423316008, -0.373446253, 1
 0.350628215, -1.698580583, 3
 2.080334025,  0.386153334, 4
 0.630494519, -1.334803642, 3
-0.027398693, -0.733974754, 1
 0.282413363,  0.237359798, 1
 0.346856166, -1.818063918, 3
 0.778844830, -0.887820456, 2
 3.103397177,  0.393688686, 4
 3.300705294,  0.742508993, 4
 2.355001708, -0.147573663, 4
 0.641088774, -1.417673165, 3
 3.235220652,  0.440100146, 4
 0.553680717, -1.276887909, 3
 2.070844197, -0.049107740, 4
 1.057254596, -0.007218641, 1
 1.459852009, -0.599723131, 4
 3.263910636, -0.706881710, 2
 3.277486019,  0.400265944, 4
 2.156228945, -1.016946692, 2
 0.758771792, -1.252917977, 3
-0.688907039, -0.807376700, 1
 0.246020528, -1.222401393, 3
 0.641023201, -0.615851776, 4
-0.511879089, -0.523111522, 1
 0.700824282, -0.952401683, 2
 0.002425800, -0.521194834, 1
 2.405556549, -0.813460664, 2
 1.416195229, -0.998837268, 2
 2.650266215, -0.868730096, 2
 0.730900612, -1.317688743, 3
 2.699553353, -0.723151951, 2
 0.066972399, -1.032108019, 2
 0.188702636,  0.351099650, 1
 2.662406339,  0.333406410, 4
 1.427140374, -1.611946090, 3
 0.309090857, -1.291989024, 3
 0.443306681, -1.230166515, 3
 1.161000914, -1.151571384, 2
-0.988511984, -0.733085952, 1
 0.302402053, -0.383512181, 1
 2.359783592, -0.109947731, 4
 1.974328982, -0.849683990, 2
-1.266043483, -0.807724024, 1
 0.267442355, -0.938166674, 3
 2.981251980,  0.604569563, 4
-2.090004616, -1.427454895, 1
 0.675852927, -1.883386564, 3
 0.213824912, -1.481243520, 3
 0.992857723, -1.111606993, 2
 1.395913435, -0.380638670, 4
 2.288039437, -0.928112048, 2
 2.778196089, -0.682092817, 2
-1.404271201, -0.895659558, 1
 1.304812064, -0.578883242, 4
 1.541077892, -0.912253110, 2
 2.521736351, -0.185687505, 4
 3.457919815,  0.218806078, 4
-0.683485055, -0.578391704, 1
 0.316016587, -1.798705790, 3
 0.731178276, -0.950692226, 2
-0.542520260, -0.612115355, 1
 0.230231530, -0.113710169, 1
 2.148394478, -0.862239973, 2
 2.703868543,  0.235707520, 4
 0.750801977, -1.566996364, 3
 0.132078585, -1.144231740, 2
 0.239848920, -1.441757393, 3
 0.632908914, -1.552282096, 3
 0.023048577, -0.137084616, 1
 0.330386156, -1.883430613, 3
 0.078970282, -1.089674522, 2
 2.196955372,  0.080836727, 4
-1.840057832, -1.458759565, 1
 0.958078205, -1.240680311, 3
 3.618888871,  0.895373029, 4
 0.711129044, -1.684442213, 3
 2.735487202,  0.398492170, 4
-0.406724331, -1.164855784, 1
 0.214145929, -0.498529905, 1
 2.033611159, -0.881545302, 2
 3.253716937,  0.734030827, 4
 2.673382124,  0.445279802, 4
 0.579948339, -1.681082673, 3
 0.430277395, -1.338335793, 3
 3.715144945,  0.893738200, 4
 2.943489888,  0.425483529, 4
 3.126425762,  0.246930257, 4
-0.232164492, -0.657144967, 1
 0.151268972, -1.127000274, 3
 3.401914354,  0.317076714, 4
 1.604404491, -0.335951628, 4
 0.074218059, -1.429910682, 3
 2.115611119, -0.814698842, 2
 0.394529553, -1.203990581, 3
 3.274827068,  0.548212292, 4
 0.702875523, -1.311159366, 3
 1.221864956, -1.059690671, 2
 0.272636505,  0.046063064, 1
 1.908154885, -0.988316472, 2
 3.373404691,  0.465576816, 4
 2.215074413, -1.001269556, 2
 1.434368841, -0.719943184, 2
 2.123507229, -0.021240982, 4
 0.623887330, -1.628049666, 3
 0.762756233, -1.733571675, 3
 2.205286845, -0.229422557, 4
 4.375942482,  1.342590951, 4
 2.807856629, -0.708539646, 2
 3.213368610, -0.704265896, 2
 0.426823466, -1.346005528, 3
 5.314929527,  1.370648593, 4
-0.730214610, -0.869580257, 1
 1.408403678, -0.528013118, 1
-1.029363050, -0.564324702, 1
 3.553726519,  0.447868093, 4
-0.786890232, -0.313603545, 1
 0.366500851, -1.305853214, 3
 0.523896602, -1.678315743, 3
 0.493888595, -1.222247888, 3
 0.376368307,  0.081224634, 1
 1.577569352, -1.011519165, 2
 0.720099122, -1.348435227, 3
 0.962569838, -0.869761533, 2
-1.671670863, -1.006845889, 1
 1.951204510, -0.759196881, 2
 4.184433453,  1.029801321, 4
 0.801187358, -0.847989543, 2
 3.103235717,  0.155325855, 4
 0.968730451, -0.887059701, 2
 0.336739929, -1.533801034, 3
 0.422900776, -1.451836233, 3
 1.439358066, -0.650202219, 4
 2.177853357, -0.677576590, 2
 2.234501755,  0.236263101, 4
 3.050305771,  0.596315566, 4
 1.874264154, -1.012714085, 2
 2.255574780, -0.040468244, 4
 3.823073630,  0.824153143, 4
 4.253850173,  0.798935185, 4
 1.428827594, -0.816992405, 2
 1.555222341, -0.467037296, 4
 0.272204873, -1.429942565, 3
-0.004361517, -0.282665463, 1
 0.155668866, -0.216346420, 1
 2.760576112, -0.803389941, 2
 4.050967422,  0.809142276, 4
 0.366164743, -0.119201223, 1
 2.702070020,  0.287711081, 4
 3.053986386,  0.258680357, 4
 2.216236751, -0.273461608, 4
 0.280702766, -0.054972508, 1
 2.231510100,  0.133492605, 4
 1.471996122, -0.921989411, 2
 2.498644886, -0.762573336, 2
 0.360107095, -0.757388027, 2
 0.969157086, -0.987816639, 2
-0.691062692, -0.688182940, 1
 0.441366080, -0.055530723, 1
 2.549192948,  0.369059195, 4
 0.221169061, -0.516267171, 1
-0.860931836, -0.963793339, 1
 0.588087137, -1.218884828, 3
 0.648085800, -1.405052161, 3
 2.084896407, -0.956506035, 2
 0.656739007, -1.370297764, 3
 1.958458798,  0.297559003, 4
 3.081962098,  0.296606874, 4
 3.022183131,  0.753654951, 4
 0.315342476, -0.977978006, 2
 1.015373141, -1.331367672, 3
 2.167209843, -0.107729648, 4
 2.050966761, -0.856868417, 2
-0.824814992, -1.206639734, 1
 0.148746686, -0.398485023, 1
 0.214575588, -1.207579064, 3
 3.775217488,  0.575776951, 4
 1.320536264, -0.791723856, 2
 0.988451949, -0.065854008, 1
-0.733932495, -0.676323048, 1
 0.150023632, -1.455980853, 3
 2.879193220, -0.607315471, 2
 0.709661233, -1.383847435, 3
 0.901420311, -1.597489902, 3
-0.663421274, -0.730198750, 1
 2.604395834, -0.166710764, 4
 0.737094295, -1.425347618, 3
 1.734953093, -0.849344335, 2
 0.889341605, -0.953291814, 2
 2.172520874, -0.863683774, 2
 0.288134727, -1.215826315, 3
-0.687139419, -1.124162688, 2
 4.247791902,  0.882516703, 4
 1.111414401, -0.903792494, 2
-0.503323593, -1.082494479, 1
 0.459716143, -0.683850613, 1
-0.405661423, -0.440367128, 1
 0.396249476, -0.847671103, 3
 2.184104788, -0.995034420, 2
 3.729439111,  0.668961308, 4
-0.487838025, -0.647599532, 1
-0.710493555, -0.643294253, 1
 1.767500654, -1.051634030, 2
 1.789409000, -0.994166890, 2
 2.219126247, -0.042096983, 4
-0.213636239, -0.742048355, 1
 0.384989450, -0.145184871, 1
-1.429073860, -0.859425555, 1
 0.547662608, -1.473416643, 3
-0.044512881, -0.744458170, 3
 0.144343776, -1.463095688, 3
 0.042731722, -1.087125612, 3
 0.320724386, -1.526151387, 3
 2.163235372, -0.755655154, 2
 0.747245083, -2.013893233, 3
 3.227823620,  0.358316710, 4
 0.437281248, -0.666789806, 1
-0.232149909, -0.965487690, 1
 1.230281173, -1.016444279, 2
 1.672101645, -0.927038113, 2
 1.307586326,  0.423006629, 1
-0.107344996, -0.741125674, 1
 0.027797019, -0.995235748, 3
 2.620908907, -0.929237002, 2
 0.697888876, -1.378178034, 3
 0.589117252, -0.976822011, 2
 0.638592415, -0.067344908, 1
 0.336528032, -0.260315127, 1
-1.004845010, -1.256184487, 1
 2.415747663,  0.233746033, 4
 3.921015745,  1.253096079, 4
 3.643546972,  0.681364241, 4
 0.820653641, -0.243945289, 1
 1.649936815, -0.984120885, 2
 3.956293632,  0.962966736, 4
 0.708418297, -1.151000121, 3
 1.536371672, -0.792856312, 2
 0.638746442,  0.217380960, 1
-1.173192084, -0.882444516, 1
 0.738272578, -1.941972155, 3
 1.820047576, -0.161266619, 4
-0.548002847, -0.889281544, 1
 0.703697350, -1.689780095, 3
-1.817996583, -0.827071708, 1
 1.962643203, -0.161572299, 4
 2.779258805, -0.776945553, 2
 1.345847696, -1.067925063, 2
 1.359562474, -0.868206878, 2
-0.476425630, -0.667975526, 1
 1.691228799, -0.919829760, 2
 1.007065304, -1.210112380, 2
-1.081715618, -1.025528287, 1
 2.997261519,  0.230763456, 4
 3.459102086,  0.365564519, 4
 1.941872195, -0.682401460, 2
 1.274831678, -0.977109078, 2
 1.392296841, -0.996067189, 2
 1.857001321, -0.944069254, 2
 1.890625263, -0.777062498, 2
 2.794494313, -0.747209366, 2
 3.688058171,  0.687066818, 4
-1.140322871, -0.713365464, 1
 2.774863767, -0.761066423, 2
 3.543284168,  0.687828467, 4
-0.135965251, -0.108973232, 1
-0.645827411, -1.114032437, 1
 1.275373712, -0.092370494, 4
 1.167656098, -0.819961539, 2
 0.821622926, -1.553747332, 3
 1.759719844, -0.947083552, 2
 3.608841012,  0.705283358, 4
 0.050028553, -0.684820192, 1
 3.490443225,  0.922640450, 4
-0.649085545, -0.439619332, 1
 0.819964444, -0.735007775, 2
 1.409371001, -0.798939362, 2
 0.830881613, -1.568045040, 3
 2.498716969, -0.165183726, 4
 0.533664814, -1.296523208, 3
 3.149155582, -0.522964813, 2
 3.240440407,  0.353819831, 4
 1.347430205, -0.467743782, 4
 1.463396827, -0.861624914, 2
 0.383195596, -1.739147240, 3
 0.242556419, -0.583833859, 3
 2.854189774,  0.252037783, 4
 0.050160332, -0.393191446, 1
 0.459284182, -0.418211451, 1
 2.586001149, -0.085806904, 4
 2.554857089,  0.432708872, 4
-0.763120480, -0.623040815, 1
 1.855716020, -0.190513308, 4
 0.306467844, -1.566110174, 3
 0.104687480, -1.080594695, 3
 0.827447523, -0.146749970, 1
-0.265477174, -0.580365187, 1
-0.097170542, -0.706170111, 1
 0.638523361, -1.127501055, 2
 0.516556575, -1.418186241, 3
 0.827350055, -0.773474873, 2
-2.036874523, -1.119174076, 1
 1.753980868, -0.834760901, 2
 1.819331715, -0.858598496, 2
-0.011207654, -0.716665418, 3
 0.037711755, -0.386814459, 1
 3.702757696,  0.561973861, 4
 2.837218069,  0.260718047, 4
 0.307872349, -0.397353629, 1
 1.524772369, -0.898162012, 2
 0.794607519, -0.974428527, 2
 0.373221404, -1.241593143, 3
-0.704154599, -0.720659241, 1
 0.453072537, -1.566613676, 3
 2.807190945,  0.273622055, 4
 0.099500072, -1.182166711, 3
-0.695664229, -0.180841864, 1
 1.256237251, -0.766591954, 2
 3.624894550, -0.690988728, 2
 0.312241820, -0.696934910, 1
 0.493508380, -1.310659939, 3
 0.165994803, -0.121087619, 1
 2.105643156,  0.094516118, 4
-1.451622609, -1.222921091, 1
-0.226412777, -0.465459616, 1
-0.268108832, -0.476503053, 1
 2.425130558,  0.117058949, 4
 0.702746963, -1.513515972, 3
-0.016034244, -1.150471559, 3
 3.011818815, -0.868440542, 2
 1.365709190, -0.858164949, 2
-0.922224399, -1.073744042, 1
 0.787565702, -2.026589833, 3
 2.667966535,  0.056135158, 4
 0.416687266, -1.040304180, 3
 0.942036004, -1.527008781, 3
-0.014362847, -1.575340900, 3
-0.021989415, -1.685469242, 3
 3.327811304,  0.614199201, 4
 0.663030288, -1.723815973, 3
 1.703564790,  0.198328833, 4
 2.055685301, -0.125205424, 4
 1.105721253, -0.922626095, 2
 1.910131770, -0.971319889, 2
 3.613824649,  0.498177144, 4
 0.357444238, -1.753558862, 3
 0.579454524, -1.411471051, 3
 3.093056410, -0.816983897, 2
 0.465803350, -0.916320345, 3
 1.286716733, -0.908416369, 2
-0.701349083, -0.475197363, 1
 1.700072033, -0.781233205, 2
 3.648448053,  0.425925428, 4
 2.507988708,  0.616103166, 4
 1.042483839,  0.038312428, 1
 0.569791719, -1.004929487, 2
 0.913875693, -1.260698947, 3
 0.169853332, -1.462112499, 3
 3.108858568,  0.365282272, 4
 3.990115592,  1.051241887, 4
 2.389537834,  0.033633504, 4
 0.621105753, -1.701979469, 3
 3.051378955, -0.883304045, 2
 0.444803654, -0.477552129, 1
 0.377353661, -1.561873425, 3
 0.543654494, -1.568465746, 3
 0.210894646, -1.605906316, 3
 0.832037013, -0.381643972, 1
-1.146622316, -0.897096573, 1
 3.371347407,  0.459064688, 4
 2.282756758, -0.905898365, 2
 0.621877796, -1.915195893, 3
 2.666164750, -0.806785362, 2
-0.253310166, -0.620843676, 1
 0.180524686, -1.490115403, 3
 0.415894233, -1.765575537, 3
 0.896284876, -0.970315106, 2
 2.537992926, -0.151548966, 4
 2.882237596,  0.396666708, 4
 2.191927738, -0.997093636, 2
 1.129912435,  0.017573938, 1
 0.323391083, -0.538808046, 1
-0.251977739, -0.598626414, 1
 0.196343706, -1.054628809, 2
 0.143452315, -1.585955489, 3
 1.343575732, -0.936648453, 2
 2.890944722,  0.130260273, 4
 0.831038845, -0.902050130, 2
 2.505328956,  0.092104651, 4
 0.568347523, -1.408564668, 3
 1.712212553, -0.945339117, 2
 3.263216650,  0.788623260, 4
 0.161991960, -0.715174928, 3
 2.184695877, -0.874966342, 2
 3.558792213,  0.584171658, 4
 1.682809621, -0.336953360, 4
 0.554575249, -1.222856586, 3
 0.401675396, -1.554152676, 3
 0.421031834, -0.942362173, 3
 0.018494603, -1.134139140, 3
 1.403798580, -0.098563704, 4
 3.349710429,  0.643898045, 4
 1.678984344,  0.005292372, 4
 0.884033071, -1.441996024, 3
 3.657160482,  0.724948173, 4
-0.121859601, -0.259154747, 1
 4.821875123,  0.762515072, 4
 0.605624715, -1.516416931, 3
 2.998337046,  0.340268007, 4
 0.739199077, -1.582873394, 3
 3.027650315,  0.230787091, 4
 3.061183797,  0.044372621, 4
-0.317761718, -0.596062627, 1
-0.011734531, -0.689075772, 1
 2.115917444, -0.672237451, 2
 0.569630694, -1.593773594, 3
 2.652789329,  0.282957734, 4
-0.038049874, -0.363390844, 1
 1.221255720, -1.068478074, 2
-0.681657517, -0.958714129, 1
 2.423526531, -0.761525648, 2
 3.742753147,  0.695106031, 4
 0.211414988, -1.391674222, 3
 2.957443448,  0.536645768, 4
 3.409850061, -0.758352791, 2
 0.423326195, -1.238248189, 3
 1.915433101, -0.200009329, 4
-1.198929128, -1.027284916, 1
 1.536618718, -0.734636031, 2
 1.609292566, -0.881572665, 2
 0.434535621, -1.506148807, 3
-1.359578926, -1.284756417, 1
 0.043611696, -1.101969494, 3
 1.254335178, -0.843838167, 2
 0.155152126, -1.458096856, 3
 0.446046721, -1.259469532, 3
 2.283177798,  0.195422160, 4
 1.384901232, -0.828522246, 2
-0.072946160, -0.306125656, 1
 0.481870896, -1.717006206, 3
 1.561226712, -0.890391266, 2
 0.604673808, -1.505211533, 3
 2.127589848, -1.031513182, 2
 2.322899012,  0.285968075, 4
 1.855877557, -1.030808739, 2
-0.247150462, -0.711379308, 1
-0.659107643, -0.306544135, 1
-0.111210287, -0.907599120, 1
 0.072170032, -1.277466640, 3
-0.122457780, -1.480769655, 3
 1.457516292, -0.406810490, 4
 1.462673497, -0.989656119, 2
 4.651076550,  0.947951474, 4
-0.812554553, -0.631897310, 1
 3.128961383,  0.339708429, 4
 3.659116749,  0.738398976, 4
-1.277508732, -0.917285372, 1
 0.117262238, -1.548595972, 3
 0.380754600, -1.763928545, 3
 2.271944447,  0.005278304, 4
 2.019415861, -0.893518808, 2
 2.657830806,  0.065598554, 4
 1.705322755, -0.893615704, 2
 2.850651774,  0.108932547, 4
 1.777892715, -1.004452836, 2
 1.136651471, -0.458076355, 4
 4.055397590,  0.863681230, 4
 1.840137038, -0.893026360, 2
 3.678877631,  0.325567591, 4
-0.068627230, -1.010831671, 2
 3.126920620,  0.254346618, 4
-0.236027319, -1.394443490, 1
 0.264480446, -1.385809580, 3
 2.087038787, -0.996010555, 2
 2.519492310,  0.432836034, 4
 2.592365895,  0.404798614, 4
 0.486647873, -1.250858639, 3
 3.272836200,  0.284257195, 4
 0.622041949, -1.298617690, 3
 0.220439119, -1.122418684, 3
 0.896753164, -1.421547991, 3
 0.474376628, -1.470787581, 3
-0.635559746, -0.852585609, 1
 3.419522524,  0.404485929, 4
 0.539976522, -1.613133929, 3
 0.534645594, -1.324914913, 3
 2.167519984, -0.106937256, 4
 0.007301301, -1.618364344, 3
 4.155204015,  0.820140889, 4
 3.209048817,  0.381752634, 4
 3.565074647,  0.421690701, 4
 0.814508364, -1.202760091, 2
-0.454805227, -0.834529364, 1
-0.846149103, -1.302996734, 1
 0.026294016, -0.533733254, 1
-0.172545995, -0.582634692, 1
 0.079604001,  0.003560683, 1
 1.832421658, -0.332141492, 4
-0.189136785, -0.267438728, 1
 3.793155792,  0.683125958, 4
 4.152367044,  0.770664087, 4
 0.779257750, -1.892927136, 3
 0.436104661, -1.410034777, 3
 0.571944210, -1.791129550, 3
 0.217099461, -0.174061213, 1
 3.879441818,  0.727462916, 4
 1.361850625, -0.846591812, 2
 0.167190216, -0.831645180, 3
 0.817479211, -0.269655283, 1
-1.209070696, -1.252586523, 1
 0.720223504, -1.639796236, 3
 0.402891368, -1.323032313, 3
 0.528339760, -1.480348832, 3
 0.376023901, -1.716966067, 3
-0.583331188, -1.042042284, 1
 3.456644137,  0.716079938, 4
 1.909879110, -0.903298047, 2
 1.580366797, -0.675610002, 2
 3.573518481,  0.666012949, 4
-0.023519611, -1.326032826, 3
 1.028313238, -0.338431593, 4
 1.960167476, -0.821274654, 2
 0.303962977, -1.414660356, 3
 2.898636584,  0.454835150, 4
 0.577346281, -1.537370665, 3
 2.184309092, -0.022971688, 4
 0.566638413, -1.300119382, 3
 0.196405376, -0.640218212, 1
 0.112614501, -1.398662498, 3
-0.147021869, -0.406274115, 1
 0.023928969, -0.618956168, 1
 0.191621474, -0.173882798, 1
 0.445472923, -1.701840269, 3
 1.243987739, -0.421660661, 4
 1.990527163, -0.801100660, 2
 0.449301501, -1.770300551, 3
 0.675001786, -0.936311205, 2
 0.572928484, -1.637687768, 3
-1.162693629, -0.294280282, 1
 1.472938917, -0.980222886, 2
 1.356645796, -0.851261870, 2
 0.802735820, -0.971255488, 2
-1.702375099, -1.542507516, 1
 1.726997981, -0.981571855, 2
 0.800467209, -1.974603265, 3
 0.347495638, -1.056833125, 2
 2.184246503,  0.043967946, 4
 3.395924363,  0.545533818, 4
 0.049050038, -1.420301765, 3
-0.218150038, -0.483387738, 1
 0.309523902, -1.324571683, 3
-0.973058144, -1.009330309, 1
 2.444384035, -0.066894895, 4
-0.846697094, -0.755841364, 1
 0.009215530, -1.180133894, 3
 1.985383558, -1.021770291, 2
 0.166231640, -1.496596756, 3
 2.339583950,  0.232733822, 4
 4.156377346,  0.916838342, 4
 2.110512757,  0.228264968, 4
-1.034131514, -0.596575582, 1
 4.217836527,  1.143238367, 4
 0.761162984, -1.653025507, 3
 0.468536316, -0.213720529, 1
 0.847957740, -1.561840061, 3
 0.337174074, -1.544166693, 3
